,vol_managed_qqq,vol_core_svxy,trend_vol_qqq,defensive_ensemble,dual_momentum_gold,momentum_concentrated,dual_momentum_gem
vol_managed_qqq,1.0,0.9563080794510452,0.869323030380403,0.7260535416396062,0.5049702125420735,0.5683179163207538,0.7295090449042444
vol_core_svxy,0.9563080794510452,1.0,0.8270423918806582,0.6991808632534612,0.4954339246592128,0.5745459840909671,0.7252015907577838
trend_vol_qqq,0.869323030380403,0.8270423918806582,1.0,0.803575970761102,0.5068657289018983,0.5219227247029976,0.6695041310246627
defensive_ensemble,0.7260535416396062,0.6991808632534612,0.803575970761102,1.0,0.7085653700020762,0.5223871880362712,0.6738721476354051
dual_momentum_gold,0.5049702125420735,0.4954339246592128,0.5068657289018983,0.7085653700020762,1.0,0.4940675577474369,0.652908712162048
momentum_concentrated,0.5683179163207538,0.5745459840909671,0.5219227247029976,0.5223871880362712,0.4940675577474369,1.0,0.6282590637563272
dual_momentum_gem,0.7295090449042444,0.7252015907577838,0.6695041310246627,0.6738721476354051,0.652908712162048,0.6282590637563272,1.0
