,vol_managed_qqq,vol_core_svxy,trend_vol_qqq,defensive_ensemble,dual_momentum_gold,momentum_concentrated,dual_momentum_gem
vol_managed_qqq,1.0,0.8560677622983751,0.8183514631724971,0.566437893858318,0.17315796415518125,0.18703691931771466,0.24350079483269493
vol_core_svxy,0.8560677622983751,1.0,0.7090699899229448,0.506999318252149,0.1822999604600555,0.2197356673006339,0.2827918080130745
trend_vol_qqq,0.8183514631724971,0.7090699899229448,1.0,0.6786656760277728,0.274416307530477,0.24487581899016947,0.3529861884807821
defensive_ensemble,0.566437893858318,0.506999318252149,0.6786656760277728,1.0,0.5984697753048906,0.2964536841091003,0.44739690395481635
dual_momentum_gold,0.17315796415518125,0.1822999604600555,0.274416307530477,0.5984697753048906,1.0,0.3100112231157989,0.5001192013566248
momentum_concentrated,0.18703691931771466,0.2197356673006339,0.24487581899016947,0.2964536841091003,0.3100112231157989,1.0,0.39258511577072913
dual_momentum_gem,0.24350079483269493,0.2827918080130745,0.3529861884807821,0.44739690395481635,0.5001192013566248,0.39258511577072913,1.0
