,vol_managed_qqq,vol_core_svxy,trend_vol_qqq,defensive_ensemble,dual_momentum_gold,momentum_concentrated,dual_momentum_gem
vol_managed_qqq,1.0,0.8748058465042741,0.7422463934689753,0.5376893624296752,0.21600272637023618,0.3985585479678143,0.4697273599022452
vol_core_svxy,0.8748058465042741,1.0,0.6768865374023292,0.5037726511750285,0.20763373624489842,0.37533020018014923,0.4568245504693365
trend_vol_qqq,0.7422463934689753,0.6768865374023292,1.0,0.7259010074548112,0.297331938844196,0.3218351722757698,0.40926652479618625
defensive_ensemble,0.5376893624296752,0.5037726511750285,0.7259010074548112,1.0,0.6160560645309442,0.39364148740864024,0.5336135276188368
dual_momentum_gold,0.21600272637023618,0.20763373624489842,0.297331938844196,0.6160560645309442,1.0,0.4319899074303553,0.5105098681462241
momentum_concentrated,0.3985585479678143,0.37533020018014923,0.3218351722757698,0.39364148740864024,0.4319899074303553,1.0,0.565111183427672
dual_momentum_gem,0.4697273599022452,0.4568245504693365,0.40926652479618625,0.5336135276188368,0.5105098681462241,0.565111183427672,1.0
