,vol_managed_qqq,vol_core_svxy,trend_vol_qqq,defensive_ensemble,dual_momentum_gold,momentum_concentrated,dual_momentum_gem
vol_managed_qqq,1.0,0.8611111111111112,0.7431192660550459,0.5038759689922481,0.46825396825396826,0.3277310924369748,0.672566371681416
vol_core_svxy,0.8611111111111112,1.0,0.635593220338983,0.5153846153846153,0.42424242424242425,0.319672131147541,0.6271186440677966
trend_vol_qqq,0.7431192660550459,0.635593220338983,1.0,0.5897435897435898,0.5258620689655172,0.28205128205128205,0.6306306306306306
defensive_ensemble,0.5038759689922481,0.5153846153846153,0.5897435897435898,1.0,0.5877192982456141,0.3162393162393162,0.5289256198347108
dual_momentum_gold,0.46825396825396826,0.42424242424242425,0.5258620689655172,0.5877192982456141,1.0,0.3425925925925926,0.660377358490566
momentum_concentrated,0.3277310924369748,0.319672131147541,0.28205128205128205,0.3162393162393162,0.3425925925925926,1.0,0.3925233644859813
dual_momentum_gem,0.672566371681416,0.6271186440677966,0.6306306306306306,0.5289256198347108,0.660377358490566,0.3925233644859813,1.0
